A	AGENTS.md
A	config/grm_demand_registered.json
A	config/grm_live_registered_baselines.json
M	core/gpt_oss20b_tc.py
M	core/graft_arena.py
M	core/graft_repository.py
A	core/grm_admission.py
A	core/grm_demand.py
A	core/grm_frame.py
M	core/grm_runtime.py
A	core/grm_supersession.py
A	core/grm_text_norm.py
M	core/grm_three_pass.py
M	core/qwen38_tc.py
A	docs/GLC_LONG_CONTEXT_ADDENDUM_1.md
A	docs/GLC_LONG_CONTEXT_PLAN.md
A	docs/GLC_LONG_CONTEXT_SYNTHESIS.md
M	docs/GRAFT_TRANSLATION_PRIMER.md
M	docs/GRM_E2E_RECEIPT_LEDGER.md
A	docs/GRM_MOUNT_CURATION_DESIGN.md
A	docs/GRM_SCOUT_2026-09-08.md
M	docs/GRM_SUPERSESSION_LEDGER.md
A	docs/LSR_ADDENDUM_1.md
A	docs/LSR_LIVED_SERVING_PLAN.md
A	docs/QWEN38_LC1_REPORT.md
M	docs/RESULTS_INDEX.md
A	orders/GLC_P0D_FORMAT_DISCRIMINATOR.md
A	orders/GLC_P0_GROUND_TRUTH.md
A	orders/GRM_ADM1_1_EVICT_ROWS.md
A	orders/GRM_ADM1_2_PROBE_SKEW.md
A	orders/GRM_ADM1_3_DUAL_FRAME.md
A	orders/GRM_ADM1_K_POLICY.md
A	orders/GRM_ADM2_1_PROCEED.md
A	orders/GRM_ADM2_2_ORION_PHRASING.md
A	orders/GRM_ADM2_ADEC_DEFAULT_ON.md
A	orders/GRM_C3_DNGH_DECOY_CALIBRATION.md
A	orders/GRM_C4_WIDTH_VS_CHUNKING.md
A	orders/GRM_C5_T30_T33_GROUNDING.md
A	orders/GRM_C6_LC1WIP_MAIN_REVIEW.md
A	orders/GRM_CMC1_1_PER_FIXTURE.md
A	orders/GRM_CMC1_2_WITNESS_NUMERICS.md
A	orders/GRM_CMC1_COMOUNT_MECHANISM.md
A	orders/GRM_CMC2_ADDENDUM.md
A	orders/GRM_CMC2_DEPTH_SWEEP.md
A	orders/GRM_DET1_10_SEPARATOR_NORM.md
A	orders/GRM_DET1_11_ACHIEVED_COUNT.md
A	orders/GRM_DET1_1_FRAME_REANCHOR.md
A	orders/GRM_DET1_2_OBSERVER_LEAK.md
A	orders/GRM_DET1_3_REPLAY_FIDELITY.md
A	orders/GRM_DET1_4_FORK_FROM_SNAPSHOT.md
A	orders/GRM_DET1_5_RACE_CAMPAIGN.md
A	orders/GRM_DET1_6_PLANT_ON_FORK.md
A	orders/GRM_DET1_7_PLANT_REALIGN.md
A	orders/GRM_DET1_8_SYNTH_TURN_SNAPSHOTS.md
A	orders/GRM_DET1_9_SUBSTITUTION_POOL.md
A	orders/GRM_DET1_DEMAND_DETECTOR_RACE.md
A	orders/GRM_DET2_LQR_SALVAGE.md
A	orders/GRM_EB1_EPHEMERAL_BOAT_FRAME.md
A	orders/GRM_HAZ1_1_PIN_CHECK.md
A	orders/GRM_HAZ1_ARENA_STEP_ROLLBACK.md
A	orders/GRM_LSR_P2A_FIT_HONESTY_SHUTTLE.md
A	orders/GRM_LSR_P2B_ROUTE_RECEIPT_PERSISTENCE.md
A	orders/GRM_LSR_P2C_1_E2E_CENSUS_SCORING.md
A	orders/GRM_LSR_P2C_UNSEATABLE_SPLIT_DESCENT.md
A	orders/GRM_RS1_READ_STRENGTH_PROBE.md
A	orders/GRM_RS2_MOUNT_READ_DEFICIT.md
A	orders/GRM_RS3_CAPTURE_PIN_SEAT_NEAR_LIVE.md
A	orders/GRM_RS4_CEILING_REPARTITION.md
A	orders/GRM_RT1_1_RESTORE_RECEIPTS.md
A	orders/GRM_RT1_SPLIT_CHILD_ROUTING.md
A	orders/GRM_SC1_1_GROUNDING_GLYPHS.md
A	orders/GRM_SC1_2_E2E_PAIRS_SESSION_RESUME.md
A	orders/GRM_SC1_DEMAND_LOOP_NGH.md
A	orders/GRM_SC2_CALIBRATION_EARLY_ABORT.md
A	orders/GRM_SCOUT_1_NEXT_STEPS.md
A	orders/GRM_SCOUT_FIX_1.md
A	orders/GRM_SUP_L2_DEFAULT_ON.md
A	orders/GRM_WC1_ARENA_WIDTH_CURVE.md
A	orders/GRM_X1_VIRTUAL_ADDRESSES.md
A	orders/GRM_X2_RELATIONAL_WITNESSES.md
A	orders/GRM_X3_MEMORY_LESIONS.md
A	orders/MOE_E1_1_AMENDED_ADDRESS_GATE.md
A	orders/MOE_E1_2_DIAG_TEACHER_ARM.md
A	orders/MOE_E1_3B_POSITION_CONTROLS.md
A	orders/MOE_E1_3_TEACHER_REDESIGN.md
A	orders/MOE_E1_4_BACKEND_FIX.md
A	orders/MOE_E1_NARRATIVE_EXPERT.md
A	orders/MOE_E2_F1_GPU_LOAD_FIX.md
A	orders/MOE_E2_F2_CUDA_INIT.md
A	orders/MOE_E2_F3_EVAL_INF.md
A	orders/MOE_E2_F4_CONTENT_PROVENANCE.md
A	orders/MOE_E2_OLMOE_TESTBED.md
A	orders/MOE_E3_1_EPISODE_KEY.md
A	orders/MOE_E3_EPISODIC_CONSOLIDATION.md
A	orders/MOE_E4_CLOSED_FORM_CONSOLIDATION.md
A	orders/MOE_RT1_ROUTER_TELEMETRY.md
A	orders/MOE_RT2_1_KEY_REFINEMENT.md
A	orders/MOE_RT2_SYNTHETIC_KEY.md
A	orders/QWEN38_LC1_F4_BIT_IDENTICAL_DEFAULT.md
A	orders/QWEN38_LC1_F5_INT8_SLICE.md
A	scripts/glc_p0_audit.py
A	scripts/glc_p0_common.py
A	scripts/glc_p0_divergence.py
A	scripts/glc_p0_hf_reference.py
A	scripts/glc_p0d_harmony_discriminator.py
A	scripts/gpt_oss20b_e13b_position_controls.py
A	scripts/gpt_oss20b_e14_backend_fix.py
A	scripts/gpt_oss20b_e1_diag.py
A	scripts/gpt_oss20b_expert_e1.py
A	scripts/gpt_oss20b_key_refinement.py
A	scripts/gpt_oss20b_router_telemetry.py
A	scripts/gpt_oss20b_synthetic_key.py
A	scripts/grm_adm1_3_dual_frame.py
A	scripts/grm_adm1_3_prod_e2e.py
A	scripts/grm_adm1_analysis.py
A	scripts/grm_adm1_e2e.py
A	scripts/grm_adm1_gpu.py
A	scripts/grm_adm1_probe_adjudication.py
A	scripts/grm_adm2_default_on_gate.py
A	scripts/grm_cmc1_gpu_arms.py
A	scripts/grm_cmc1_gpu_gate.py
A	scripts/grm_cmc1_mechanism.py
A	scripts/grm_cmc1_preflight.py
A	scripts/grm_cmc2_depth_sweep.py
A	scripts/grm_cmc2_gpu_sweep.py
A	scripts/grm_det1_11_census.py
A	scripts/grm_det1_2_gpu.py
A	scripts/grm_det1_3_gpu.py
A	scripts/grm_det1_3_snapshot.py
A	scripts/grm_det1_4_gpu.py
A	scripts/grm_det1_5_analyze.py
A	scripts/grm_det1_5_gpu.py
A	scripts/grm_det1_5_lead.sh
A	scripts/grm_det1_5_workers.py
A	scripts/grm_det1_7_registry.py
A	scripts/grm_det1_7_source_auth.py
A	scripts/grm_det1_8_source_auth.py
A	scripts/grm_det1_9_findings.py
A	scripts/grm_det1_9_source_auth.py
A	scripts/grm_det1_analyze.py
A	scripts/grm_det1_baseline_registry.py
A	scripts/grm_det1_common.py
A	scripts/grm_det1_e2e.py
A	scripts/grm_det1_gpu.py
A	scripts/grm_det1_register.py
M	scripts/grm_e2e_session.py
A	scripts/grm_eb1_longhorizon_gpu.py
A	scripts/grm_lsr_p2c_1_census.py
A	scripts/grm_lsr_p2c_1_gpu.py
A	scripts/grm_rs1_amendment.py
A	scripts/grm_rs1_read_strength_gpu.py
A	scripts/grm_rs1_registration.py
A	scripts/grm_rs1_results.py
A	scripts/grm_rs2_amendment.py
A	scripts/grm_rs2_mount_read_gpu.py
A	scripts/grm_rs2_registration.py
A	scripts/grm_rs2_results.py
A	scripts/grm_rs3_capture_seat_gpu.py
A	scripts/grm_rs3_part4.py
A	scripts/grm_rs3_registration.py
A	scripts/grm_rs3_results.py
A	scripts/grm_rs4_ceiling_gpu.py
A	scripts/grm_rs4_registration.py
A	scripts/grm_rs4_results.py
A	scripts/grm_rs4_row_split.py
A	scripts/grm_rt1_diagnose.py
A	scripts/grm_rt1_g2_table.py
A	scripts/grm_sc1_2_e2e_recovery_gpu.py
A	scripts/grm_sc1_2_pytest_shard.py
A	scripts/grm_sc1_2_session.py
A	scripts/grm_sc1_bit_identity_gpu.py
A	scripts/grm_sc1_lived_battery_gpu.py
A	scripts/grm_sc1_overhead_gpu.py
A	scripts/grm_sc1_recovery_gpu.py
A	scripts/grm_sc2_calibration.py
A	scripts/grm_sc2_e2e_abort_gpu.py
A	scripts/grm_sc2_results.py
A	scripts/grm_sup_l2_default_on_gate.py
A	scripts/grm_wc1_amend.py
A	scripts/grm_wc1_common.py
A	scripts/grm_wc1_g1_pytest.py
A	scripts/grm_wc1_g2_reproduction.py
A	scripts/grm_wc1_registration.py
A	scripts/grm_wc1_results.py
A	scripts/grm_wc1_sweep_gpu.py
A	scripts/lsr_p0_core.py
A	scripts/lsr_p0_gpu.py
A	scripts/lsr_p0_lead_gpu.sh
A	scripts/lsr_p0_survey.py
A	scripts/lsr_p1_adjudicate.py
A	scripts/lsr_p1_harvest.py
A	scripts/lsr_p1_lead_gpu.sh
A	scripts/lsr_p1_reconcile.py
A	scripts/lsr_p1_route_probe.py
A	scripts/lsr_p1_stage_replay.py
A	scripts/lsr_p2a_replay_gpu.py
A	scripts/lsr_p2b_g2_replay.py
A	scripts/lsr_p2b_route_receipt_dump.py
A	scripts/lsr_p2c_e2e_gpu.py
A	scripts/lsr_p2c_replay_gpu.py
A	scripts/olmoe_e2_experiment.py
A	scripts/olmoe_e3_1_episode_key.py
A	scripts/olmoe_e3_experiment.py
A	scripts/olmoe_e4_experiment.py
M	scripts/qwen38_generate.py
A	scripts/qwen38_longctx_gate.py
M	tests/nc17/p4_gate_c_e4arena.py
A	tests/test_gpt_oss20b_e14_backend_fix.py
M	tests/test_graft_e4_arena.py
M	tests/test_graft_gqa_arena.py
A	tests/test_grm_adm1_3_dual_frame.py
A	tests/test_grm_adm1_probe_adjudication.py
A	tests/test_grm_adm1_snapshot.py
A	tests/test_grm_admission.py
A	tests/test_grm_arena_step_rollback.py
A	tests/test_grm_det1_11_achieved.py
A	tests/test_grm_det1_11_census.py
A	tests/test_grm_det1_11_envelope_lineage.py
A	tests/test_grm_det1_3_snapshot.py
A	tests/test_grm_det1_5_campaign.py
A	tests/test_grm_det1_7_registry.py
A	tests/test_grm_det1_7_source_auth.py
A	tests/test_grm_det1_8_source_auth.py
A	tests/test_grm_det1_9_findings.py
A	tests/test_grm_det1_9_source_auth.py
A	tests/test_grm_det1_baseline_registry.py
A	tests/test_grm_eb1_ephemeral_frame.py
A	tests/test_grm_lsr_p2a_fit_honesty.py
A	tests/test_grm_lsr_p2a_probe_path.py
A	tests/test_grm_lsr_p2b_e2e_fixture.py
A	tests/test_grm_lsr_p2b_route_receipt.py
A	tests/test_grm_lsr_p2c_split_descent.py
A	tests/test_grm_rs1_read_strength.py
A	tests/test_grm_rs2_mount_read.py
A	tests/test_grm_rs3_capture_pin_seat.py
A	tests/test_grm_rs3_tables.py
A	tests/test_grm_rs4_baseline_and_gates.py
A	tests/test_grm_rs4_row_split.py
A	tests/test_grm_rt1_split_child_routing.py
A	tests/test_grm_sc1_1_grounding_glyphs.py
A	tests/test_grm_sc1_2_e2e_pairs.py
A	tests/test_grm_sc1_demand_loop.py
A	tests/test_grm_sc2_calibration_early_abort.py
M	tests/test_grm_supersession_battery.py
A	tests/test_grm_wc1_sweep.py
A	tests/test_lsr_p2c_1_census.py
M	tests/test_qwen38_cpu.py
